Date,101STM,102STM,103STM,104STM,105STM,106STM,107STM,108STM,109STM,110STM,115STM,116STM,117STM,WOR
2017-03-02,5837.274835,6282.599457,5169.068247,7273.449583,9998.516648,8158.302118,5557.922653,7557.211624,5261.529279,7097.405578,4020.272353,7985.860924,2795.754446,2.798086642
2017-03-03,6015.142165,6562.921987,5049.965428,7006.329816,9312.745717,7839.130791,5133.81146,7069.787596,5247.258619,7093.24729,3905.879355,7435.67762,2771.736351,2.831155817
2017-03-04,5844.470972,6378.957765,5662.236629,6790.29052,8461.631533,7508.065925,4606.753775,6459.927345,5248.111039,7112.930888,3763.472331,6750.210303,2790.046052,2.86620304
2017-03-05,5107.19862,5578.186288,6934.737125,7071.878834,9020.789121,7668.576293,4952.081733,6854.625457,5247.03587,7122.330171,3856.359501,7197.083787,2803.954673,2.783741086
2017-03-06,4548.961252,4974.048081,7410.367622,7240.633167,9484.644225,7690.343987,5250.183125,7093.862753,5247.359297,7119.253453,3937.123452,7579.923571,2788.724489,2.847775105
2017-03-07,4934.224661,5355.362839,7295.790925,7119.874721,8169.728632,6635.06018,4235.850071,5907.503342,5239.129205,7117.743244,3663.283353,6226.497087,2699.926925,2.884517352
2017-03-08,5878.806202,6351.152237,5354.592617,5080.810768,8511.85551,6845.231131,4904.995849,6216.570219,5222.79675,7041.151494,3775.770646,6692.495071,2740.102043,2.746018433
2017-03-09,6039.772973,6591.569489,4996.229834,4708.266902,9311.65501,7200.012078,6064.902843,6877.116718,5232.464805,6873.893321,3969.539362,7811.921083,2899.514762,2.778292725
2017-03-10,5887.746757,6482.556571,6918.661364,6716.903917,9090.534768,6612.567213,5776.803531,6426.256758,5248.526608,6785.223479,3818.976794,7436.272836,2880.507562,2.810327694
2017-03-11,6197.666028,6812.410397,6909.938722,6718.826295,9248.716622,6740.56829,5883.218349,6554.289401,5138.80379,6638.565492,3827.896115,7589.566737,2702.010918,2.798497906
2017-03-12,6062.984348,7010.434506,6896.0723,6711.925406,9018.577885,6716.676681,5868.390999,6538.52517,5135.976397,6617.019562,3887.903791,7567.708004,2696.004876,2.841678135
2017-03-13,6011.426046,7094.303546,7003.103574,6879.366028,8762.826433,6480.689191,5667.936459,6300.590272,5246.003002,6742.04415,3895.468374,7283.671055,2729.771839,2.858162389
2017-03-14,6376.783263,7114.413621,6550.934706,6589.848636,8701.277818,6438.377833,5623.005913,6247.004329,5245.892945,6738.948407,3880.466927,7221.761547,2641.157714,2.771633257
2017-03-15,6563.921118,7181.345006,5791.006366,5949.098106,9052.200511,6731.867867,5873.102286,6535.487879,5253.307414,6773.334645,3941.317891,7562.185779,2581.885459,2.76145079
2017-03-16,6542.927463,7183.970076,5799.147446,6533.507888,9052.683705,6672.388517,5822.386336,6477.532832,5268.707052,6844.372014,3930.198711,7493.153188,2599.5047,2.808590544
2017-03-17,6548.356897,7186.984171,6577.915438,7880.12399,8941.206898,6511.169297,5685.154229,6318.833968,5276.602769,6890.234,3901.152976,7306.76772,2674.542493,2.843310127
2017-03-18,6545.8827,7190.418314,6421.489392,7748.887726,9016.456318,6568.857469,5729.607552,6376.484873,5277.119243,6899.222937,3911.207464,7374.762433,2744.314991,2.802904274
2017-03-19,6545.731963,7218.021959,6003.600357,7363.110486,9190.614658,6655.371694,5842.836763,6478.803834,5277.957152,6901.567222,3936.828472,7547.224878,2822.125208,2.837278082
2017-03-20,6371.419174,7151.417446,5132.656384,6469.047473,9654.164994,7000.621587,6145.188194,6771.176053,5277.491255,6902.693762,4004.785777,7970.447833,2877.382624,2.873146488
2017-03-21,6197.502258,7020.536752,3274.125199,3986.214973,9785.637687,7171.566195,6230.826613,6911.114693,5277.280489,6897.182329,4024.042833,8096.184997,2899.886959,2.785082139
2017-03-22,6369.063685,7100.382612,2453.16218,2344.397165,9954.759035,7161.647247,6411.418088,6894.374978,5330.564442,6933.770788,4136.212993,8567.061461,2895.058964,2.797169122
2017-03-23,5625.477243,6580.624692,3624.936389,3962.329468,10050.91063,7327.303594,6591.997134,7114.857724,5437.790782,6982.357641,4266.672848,9767.067313,2901.912081,2.802564776
2017-03-24,4132.590552,5494.703112,4966.772902,6373.385681,9829.014449,7321.648208,6405.36563,7310.761259,5491.084372,6983.405329,4235.950545,10043.10126,2858.12366,2.750369841
2017-03-25,3339.181597,4881.993185,5330.946607,7311.850449,10106.57132,7348.580786,6225.801342,7299.194754,5489.248826,6984.61962,4176.755839,9828.703135,2843.795312,2.728666264
2017-03-26,3185.163885,4762.722351,5296.472655,7424.27819,10322.34017,7400.357958,6091.567958,7239.862287,5487.864475,6986.404857,4135.559884,9960.780216,2859.69273,2.781882449
2017-03-27,4018.719035,5401.574086,5237.608612,7302.640592,10359.97442,7389.414519,6148.48696,7254.638521,5485.85387,6979.770996,4149.542047,9582.487229,2824.078664,2.796981787
2017-03-28,5034.393984,6179.634789,3679.970954,4781.416334,10174.69525,7532.103706,6734.667812,7175.048749,5483.854691,6972.791529,4158.34755,8884.724242,2833.109105,2.779465667
2017-03-29,5374.565722,6438.801374,3010.856714,3430.216641,9615.85796,7533.697005,6822.847624,6646.920566,5487.611632,6972.418128,4109.605904,8427.902484,2845.912343,2.750026223
2017-03-30,6244.805057,6884.78123,4263.478285,5617.244278,9839.380212,7740.00676,6205.299016,6371.072005,5498.835578,6986.406222,4009.254228,8544.940519,2775.860298,2.731057846
2017-03-31,5251.27379,4412.678175,5042.70015,5714.077845,5205.962451,3949.730398,3529.374153,2798.809591,5298.076369,4444.139061,2131.03274,4654.057341,2369.437088,2.719581925
2017-09-01,4255.226268,3713.423471,7036.568293,7800.086809,8884.792153,7359.730278,6116.051857,5687.448529,4646.706331,6918.619934,3266.678647,7181.142159,4188.855626,2.692760785
2017-09-02,3793.818061,3328.494535,7084.187448,7799.144963,8978.59436,7385.308844,6362.382524,5871.837758,4645.278649,6993.955983,3373.691235,7298.633479,4119.742464,2.753821303
2017-09-03,3294.375818,2916.242807,7081.312486,7798.018556,9318.971884,7359.094132,6583.745572,6065.98644,4643.366878,6996.612357,3488.323668,7377.194549,4134.55897,2.685225527
2017-09-04,2885.87595,2593.473176,7080.431528,7797.935562,9493.317058,7374.794833,6815.583848,6155.869437,4643.446417,6998.030296,3685.792576,7373.335565,4169.819038,2.70653649
2017-09-05,2828.767387,2607.084359,6810.892192,7786.390474,9622.887456,7462.755385,6822.342715,6091.711688,4643.530978,6994.307315,3882.945584,7369.140917,4189.721829,2.675689287
2017-09-06,3281.013851,3020.87367,6478.746054,7772.575331,9737.15975,7344.655771,6787.378693,5924.534895,4642.648618,6994.38475,3918.254417,7359.027727,4077.565617,2.654067305
2017-09-07,4793.291522,3948.130493,5786.969856,7116.527225,9845.244779,7282.340686,6934.104248,5880.286009,4759.58607,7020.257771,3842.120452,7337.283719,4097.276916,2.681826106
2017-09-08,6726.017158,5158.962676,4939.557619,6246.348107,9924.770107,7446.539901,6917.527513,5862.410933,4957.00231,7005.410601,3857.094345,7211.487261,4214.096876,2.654493897
2017-09-09,7102.090125,5263.794329,4685.474492,5968.525811,9920.384964,7352.318647,6915.615774,5858.709884,5049.294864,7044.174589,3953.902909,7035.093102,4230.324779,2.648379834
2017-09-10,6880.708255,4990.584667,5098.69754,6428.58453,9462.144594,7326.757698,6908.694691,5930.756135,5061.844191,7112.322472,3958.342436,7123.810795,4308.811423,2.726814328
2017-09-11,6538.436053,4664.627051,5963.926886,7413.122097,8601.022242,7538.75734,6901.528914,6289.767611,5062.527944,7121.960403,3958.444836,7283.351212,4313.282108,2.688657356
2017-09-12,5809.567367,3986.338226,6394.328954,7893.710298,8111.801136,7668.959403,7050.523701,6935.495802,5063.472471,7150.520883,3958.272277,7428.635207,4321.346093,2.882342851
2017-09-13,5547.709365,3783.18995,6428.594558,7926.21258,8113.967996,7689.197568,7171.329006,7242.251448,5073.096116,7159.980797,3958.204099,7552.281606,4352.315463,2.741786757
2017-09-14,5658.902551,3865.640142,6430.523996,7925.080569,8404.812656,7655.123335,6889.547778,7387.116442,5221.742184,7157.322171,3905.570398,7609.605158,4330.102472,2.717202488
2017-09-15,5380.078986,3659.458712,6424.060543,7928.272638,8777.575474,7516.207851,6554.949512,7569.585078,5416.296894,7191.170295,3811.188382,7723.417492,4327.001433,2.695190624
2017-09-16,5273.298946,3580.496042,6270.010037,7934.761847,8542.823948,7088.568744,6258.751372,7477.991057,5488.792408,7237.043921,3593.645408,7730.270817,4304.026048,2.66236031
2017-09-17,5223.57924,3545.217673,6133.759737,7935.270162,8217.311989,6822.687397,6109.874766,7400.366422,5506.11524,7232.23658,3452.747559,7784.107009,4267.982346,2.712257237
2017-09-18,5340.793303,3634.025909,6151.986308,7932.658306,8343.74625,7178.203268,6307.647445,7405.202712,5505.077809,7168.684925,3805.062152,7897.283984,4271.383601,2.747999713
2017-09-19,5952.170454,4089.39044,6050.021385,7820.702042,8693.997722,7360.876346,6414.975373,7149.82774,5505.68687,7115.874473,4136.932365,7978.508399,4254.787359,2.753258465
2017-09-20,6493.059922,4517.669934,5451.96995,7281.04056,8642.453164,6959.415369,6122.475796,6547.088547,5514.539651,7087.536529,3898.259087,7909.188968,4207.603117,2.700856575
2017-09-21,6933.822014,4990.473299,5207.585164,7334.840522,7345.072147,5869.86872,5082.65182,5722.189522,5574.006151,7027.953942,3068.392299,6940.255727,4190.715096,2.730217357
2017-09-22,7066.499453,5035.298829,5596.468352,7884.634326,6744.456703,5330.992786,4549.214226,5480.653299,5671.274595,6813.563271,2629.379488,6430.977172,4199.64985,2.699525189
2017-09-23,6756.047509,4620.514224,5724.065309,7930.788765,7377.658961,5720.669965,4910.779717,5805.238556,5741.703284,6467.429763,2840.77927,6943.934334,4211.221069,2.700044396
2017-09-24,6018.754515,4036.419651,5721.950878,7904.987195,8403.480608,6420.669229,5558.91932,5985.369761,5673.619711,6462.150707,3280.248234,7644.493218,4224.657003,2.709578855
2017-09-25,6298.436362,4026.318619,5819.032173,7829.882539,9532.817992,7280.72216,6245.887298,6351.698891,5530.389066,6724.126833,3091.518601,5690.386172,3333.630243,2.626348573
2017-09-26,7024.067964,4431.985178,6262.996296,7979.826352,10719.89656,8147.840539,6620.601102,7384.072716,5518.676362,6993.537466,1266.719217,1580.439939,1220.493381,2.693095636
2017-09-27,7194.488953,4823.294697,6109.297363,7377.200854,12209.55254,8780.643258,7093.98015,8783.236893,5568.034135,7148.336982,1686.474018,0.052607374,839.9487375,2.707623876
2017-09-28,7434.380232,5233.510419,5091.532924,5986.029933,12055.46545,8632.12188,7276.35458,8979.545036,5645.587511,7107.215596,3749.883228,1246.148736,2932.330337,2.717896626
2017-09-29,7448.854031,5537.960754,4241.250624,5035.296438,10395.43899,8510.255064,6815.835927,8530.64695,5742.042354,6920.671514,3973.213052,4526.907213,4250.889536,2.662036951
2017-09-30,7058.873625,5473.036853,4598.001337,5935.386,9389.748165,8124.480013,6017.565569,8499.260645,5807.640816,6517.85085,3861.928494,6637.463545,4317.55557,2.689465362
2017-10-01,6078.790393,4682.880718,5444.331774,7906.709185,9251.705049,7421.064449,5601.717061,8489.431503,5875.987136,6292.893484,3882.824173,6735.833636,4339.448115,2.655094434
2017-10-02,5708.625411,4387.877009,5695.596576,8573.828091,9179.916212,7030.308632,5964.681325,6362.49326,5910.479599,6406.632887,3828.29422,7194.333714,4356.410736,2.638430254
2017-10-03,6337.414659,4804.945987,5668.628557,8178.839869,9191.108901,7502.4142,6900.304078,2120.626343,5936.940538,6675.148661,3831.897548,8301.550496,4366.161506,2.663644193
2017-10-04,6886.208933,5176.149932,5612.748914,7953.217976,9214.065381,7741.7053,7484.7691,13.11241073,6078.693775,6750.440297,4120.424686,8997.945848,4371.421261,2.653086897
2017-10-05,7037.719733,5346.275502,5528.232326,7937.26641,9169.988286,7188.797718,7381.197904,5.039052633,6231.770683,6667.048028,4396.991362,8883.819903,4409.015867,2.571106015
2017-10-06,7176.062127,5437.283346,5822.20964,8152.551389,9395.577239,7023.912675,7278.760589,399.9808563,6289.533216,6694.843371,4443.829877,8552.516775,4457.150128,2.616647108
2017-10-07,6565.61451,4954.214911,6338.990132,8625.682765,9555.67808,7075.200808,6362.635797,2993.908536,6316.691475,6757.088423,4444.238756,8100.153246,4482.315591,2.700275661
2017-10-08,5707.514346,4365.536697,6373.670526,8626.454672,9301.913678,7047.012666,5375.962345,5897.933871,6321.024881,6825.929625,4444.695325,7642.251847,4500.692065,2.705143897
2017-10-09,5705.019957,4364.737571,6372.798465,8510.398918,9249.575968,6797.465806,5536.325652,6595.231256,6323.26358,6736.928129,4444.612361,7282.31962,4422.774504,2.668118393
2017-10-10,5977.260036,4541.177238,6371.439236,8517.698616,9296.363288,6293.703195,6065.411552,6583.498154,6323.240008,6715.035788,4444.457985,7243.491608,4244.353317,2.706362341
2017-10-11,6203.264694,4684.884252,6370.631195,8576.367563,9419.808562,5724.091437,6862.991629,6566.324231,6381.554127,6812.671578,4444.335683,7465.088033,3771.958357,2.730626626
2017-10-12,6101.549391,4616.99681,6368.730801,8571.909039,9484.813854,5613.151654,7203.408722,6582.833448,6454.295255,6825.223779,4443.953938,7601.984076,3394.787536,2.767243701
2017-10-13,5893.97662,4482.565075,6366.48269,8577.984425,9339.433048,5692.904923,7059.027475,6565.597258,6477.164973,6781.903664,4443.479124,7544.582824,3441.273735,2.731211976
2017-10-14,4720.544361,3722.846635,6364.123998,8569.412328,9349.294109,5681.029834,6879.573847,6545.451287,6458.080066,6646.539905,4443.041504,7309.032127,3486.645435,2.71641035
2017-10-15,4191.299536,3382.050865,5028.068607,6403.480606,8624.634025,5527.007311,6308.319253,6002.00636,6400.234127,6739.711662,4442.745286,6476.376933,3486.09291,2.682718679
2017-10-16,5112.155983,3982.128172,3375.47329,3581.545084,8297.653504,5496.810668,6076.172626,5636.894326,6381.434131,7028.032594,4442.561455,6033.857233,3486.005534,2.749060993
2017-10-17,4916.611458,3839.715058,4347.17876,5386.991167,8530.422336,5502.097442,6097.289476,5669.083454,6387.092481,7128.244535,4442.289806,6095.366455,3486.864539,2.743172285
2017-10-18,4823.078301,4412.981295,5754.175425,8252.818813,8765.640427,5532.251109,6115.393983,5850.41593,6376.421578,6042.873148,4442.319514,6434.4054,3486.831298,2.767942532
2017-10-19,5167.820565,5394.206406,5890.122274,8601.308571,9826.826278,5998.723054,6390.455747,6740.914311,6370.786123,3768.81292,4442.1937,7730.036858,3497.485883,2.731164616
2017-10-20,4467.304704,4892.395941,5910.647241,8553.845326,10483.86899,6330.916201,6533.450404,7497.447192,6370.653541,2576.51238,4418.860215,8977.527912,3518.49217,2.718470506
2017-10-21,3888.788076,4380.838455,5909.084036,8542.638065,10263.2229,6382.454479,6662.945024,7855.984671,6375.622719,2574.991449,4370.844686,9478.089278,3725.367642,2.736979712
2017-10-22,3703.101791,4198.45594,5878.639512,8527.104071,9926.663428,6370.163498,6567.755541,8176.645604,6396.874118,2573.630042,4310.207283,9387.323661,4170.632584,2.715673356
2017-10-23,4064.007826,4491.245345,4716.046567,7192.93987,9994.628679,6375.7328,6357.346229,8395.429103,6428.01246,2564.781973,4238.10357,9382.642001,4420.814158,2.680994164
2017-10-24,5024.269539,5392.446676,3025.436754,4795.356958,10130.92811,6377.619899,6320.05837,8415.927215,6442.916192,3536.558626,4201.556823,9527.591124,4411.435678,2.729353506
2017-10-25,4769.509151,5195.743239,3209.574078,4290.896991,9705.48835,6190.295323,6256.402142,8312.942943,6442.308617,5649.559591,4201.565012,9353.69907,4399.608055,2.691287693
2017-10-26,3181.095539,3565.844256,4781.634025,5973.897925,9274.096538,6081.952236,6142.31354,8008.660012,6292.023012,6877.072677,4201.750097,9197.529868,4371.152863,2.724061869
2017-10-27,2709.241163,2921.702578,5645.201928,7197.481171,9300.113139,6106.534136,5993.762416,7932.276892,6289.46737,6860.672137,4202.060345,9039.572143,4316.595641,2.758532407
2017-10-28,3309.191244,3422.648003,5806.23605,7295.965908,9101.402697,5970.228932,5920.082511,8030.44558,6422.268824,6705.959499,4247.800335,8743.2058,4287.141381,2.723639898
2017-10-29,4258.683404,4398.034177,5249.942179,6420.685803,9223.794059,5897.992714,5950.632231,8005.69894,6398.236913,6711.522871,4197.3208,8754.697508,4289.639585,2.748171159
2017-10-30,5066.888589,5273.692497,4760.595585,6015.207023,9453.93498,5913.9935,5848.943796,8073.969646,6344.737651,6755.095861,4206.573706,8822.284648,4113.33753,2.744079037
2017-10-31,4595.099062,4831.537021,5610.897601,6996.274014,9387.959127,5902.686646,5752.662289,7433.883726,6284.214669,6745.334068,4259.987546,8827.044219,4027.57637,2.745235776
2017-11-01,4267.389293,4507.15749,5717.23546,6951.076322,9873.285934,5897.324441,5677.853942,6544.547109,6274.661461,6768.577428,4149.689978,9033.832225,4128.256222,2.734768331
2017-11-02,4192.44402,5058.312381,4783.083906,6199.525833,6218.905923,3507.714276,3209.58862,4344.520574,5248.597317,3877.176441,2605.011351,5780.85472,2876.675553,2.616559131
2017-11-03,4939.154162,6009.309319,4260.988277,6008.573754,1815.373443,2027.04851,1788.720206,3176.582292,4906.715056,2227.76767,1555.27805,3126.490705,2161.629015,2.507284943
2017-11-04,5622.304773,6295.195393,4724.786864,6339.783811,1865.435953,3860.311387,4024.967808,4635.442747,6081.401861,4502.141109,2840.653431,5166.532175,3017.509602,2.668608518
2017-11-05,5192.589901,5872.600642,4487.068089,5577.127514,5008.822611,4656.525454,5716.326335,5460.175624,6424.105513,6035.294452,3798.569402,6753.068452,3416.875166,2.752881855
2017-11-06,5003.200778,5662.460231,4064.125369,5157.154852,8331.723028,4427.82968,6571.752052,5371.97677,6299.029195,6895.313268,3723.0526,6878.307689,3597.92123,2.780612581
2017-11-07,4998.005427,5648.062756,4606.499783,5978.121662,8617.030611,4364.239604,6989.079358,5038.93779,6299.120488,7165.965372,3512.702127,6609.749276,3669.200218,2.724498725
2017-11-08,4972.822554,5350.918468,4384.132111,5795.353835,9289.545165,4979.140078,7098.09604,5496.502503,6349.38267,7153.203071,3783.097292,7068.318442,3669.328303,2.747328736
2017-11-09,5028.701248,4967.209602,3869.975348,5247.621456,10548.72368,5680.704513,7191.256244,6239.175092,6468.681474,7132.551046,4165.20468,7583.959144,3667.42492,2.691443202
2017-11-10,4705.513975,4654.058793,4083.047031,4710.864267,11182.6589,5767.174821,7159.738376,7041.08358,6544.386934,7029.329717,4184.489616,7632.750592,3666.655937,2.735604948
2017-11-11,5037.401774,5103.537602,3826.653785,3751.155976,11488.89705,5695.805532,7114.708593,7564.51146,6551.029593,6931.550036,4087.668873,7621.962542,3667.36237,2.721774856
2017-11-12,6143.980935,5941.789107,4162.795921,4559.337188,10927.15862,5348.123123,6756.439673,7069.307457,6551.000894,6833.178299,3829.991407,7194.382465,3646.518096,2.722329783
2017-11-13,5483.279728,5174.548154,5753.167145,7145.451786,10025.56875,4864.167513,6268.08945,6424.521835,6550.51065,6967.757942,3494.11424,6645.09206,3622.80336,2.696972693
2017-11-14,4155.576065,3969.500229,6329.062463,8212.202343,10166.63186,4911.508849,6311.72535,6503.657774,6550.376662,7321.496927,3534.896758,6725.774197,3620.119563,2.668128939
2017-11-15,4245.49749,4132.560412,6147.841442,8211.746842,10255.73784,4933.906696,6349.78403,6562.712458,6550.06025,7394.750628,3565.306023,6777.468911,3678.761036,2.66532443
2017-11-16,4118.816734,4094.27675,6015.769404,8233.400023,9989.356407,4769.776664,6225.931746,6387.497512,6590.541076,7358.779301,3473.624794,6623.322593,3918.729089,2.706413871
2017-11-17,3772.167245,4127.926669,5841.992359,7738.965314,10044.26884,4768.379124,6197.256688,6430.244744,6639.124947,7377.382074,3492.053007,6666.606972,4151.482063,2.784145957
2017-11-18,4695.795216,5742.552312,5682.548936,7295.730238,10350.13642,4865.99786,6302.336176,6644.450422,6642.663389,7407.254564,3584.610221,6862.475922,4205.105741,2.786252409
2017-11-19,5446.256593,6675.413107,5426.324739,6773.175076,10637.18272,4959.393778,6483.873645,6864.703087,6630.845355,7396.528815,3670.841767,7044.974775,4237.303839,2.71242732
2017-11-20,5446.013382,6531.208944,4997.774579,5917.706201,10837.41945,5059.657293,6590.372425,7010.669262,6622.678442,7383.067423,3729.723287,7169.596418,4274.003666,2.735415239
2017-11-21,5446.654058,6623.748285,5288.184781,6096.79036,10917.87861,5112.304501,6630.533119,7053.919118,6622.618235,7373.637694,3752.774957,7218.411094,4280.815359,2.738529771
2017-11-22,5446.746385,6654.889259,5211.049755,5519.904447,10875.61677,5111.585621,6455.210885,7028.765125,6622.556917,7234.526412,3697.760807,7237.544461,4278.987965,2.721865667
2017-11-23,5448.827976,6605.978988,5401.274066,4758.926766,10252.23409,4870.184748,5978.076112,6591.357198,6576.573359,6834.867119,3456.095379,6951.546666,4279.252121,2.714929086
2017-11-24,5464.123383,6584.435693,5805.748586,4960.353783,9677.677312,4560.169552,5757.777861,6291.789279,6504.196604,6656.928689,3316.446864,6741.876923,4281.242639,2.658195806
2017-11-25,5038.613931,6078.158561,5583.799972,5590.339429,9726.35455,4427.571406,5848.778201,6445.62882,6478.308867,6752.095147,3379.706308,6870.504256,4281.131479,2.763227308
2017-11-26,5028.064594,6005.255857,5891.824194,6883.993797,9818.188364,4351.27447,5873.10702,6493.746343,6680.5884,6780.952927,3399.334414,6909.010474,4281.008835,2.623884381
2017-11-27,5506.661475,6437.850768,6128.534633,7263.510932,9978.328726,4429.347549,5969.752854,6648.776886,7316.219643,6876.330525,3462.7318,7040.659957,4280.235123,2.634271688
2017-11-28,5545.738217,6449.070365,6133.6961,6996.396059,9799.54224,4683.228509,5957.55978,7057.963024,7705.082,6892.013075,3474.933939,7111.387586,4314.248914,2.650499732
2017-11-29,5481.314359,6319.526383,6154.400879,7185.446821,9278.423096,4823.530414,5725.277405,7512.867414,7654.987698,6748.239455,3383.942493,6993.99721,4413.309201,2.63080819
2017-11-30,5425.51444,6037.758848,6158.531527,7461.793502,9026.173534,4797.410312,5592.162287,7428.401218,7309.741326,6671.976499,3337.473858,6922.946269,4486.93705,2.678857851
2017-12-01,3951.612705,4856.432761,6164.797251,7464.950227,9247.18779,4926.390998,5709.051328,7246.078167,6673.701368,6783.306839,3415.796413,7085.04136,4485.455395,2.741658719
2017-12-02,3368.96749,4500.944656,6168.437326,7464.87907,9360.959471,4989.815359,5765.699205,7290.004416,6280.235616,6834.570937,3453.398687,7163.176764,4546.055564,2.678707727
2017-12-03,4868.351338,5402.493582,6167.505398,7464.494013,9222.021734,4910.746691,5679.222641,7287.630533,6375.53134,6751.870483,3400.025997,7052.984119,4620.092906,2.712894066
2017-12-04,5436.300205,5672.83443,6166.35523,7457.528561,9085.618573,5165.542821,5601.317375,7105.767655,6580.655372,6676.888097,3351.823786,6974.31294,4529.013906,2.70526691
2017-12-05,5614.132937,5859.360976,6225.900797,7457.56174,9089.902417,5554.057829,5611.489677,6835.216895,6586.720673,6681.415175,3359.667831,6980.93628,4373.361431,2.704997425
2017-12-06,5879.882164,5911.434416,6049.673654,6990.171828,9055.81251,5603.381684,5609.806831,6665.830284,6555.366694,6555.151916,3508.972455,6951.746013,4324.770614,2.74912109
2017-12-07,5979.871716,5738.205062,5751.256408,6385.840532,9271.391747,5750.729175,5743.378042,6611.399878,6508.156136,6258.575511,4003.031244,7167.642832,4371.584552,2.731818449
2017-12-08,5741.856533,5439.754437,5881.693598,6819.779828,9541.745253,5866.515833,5893.909216,6417.028753,6485.292011,6127.258915,4364.446612,7354.321531,4388.878375,2.701756516
2017-12-09,5804.000896,5600.840067,5882.491742,7492.72705,9660.298842,5479.510526,6156.56533,5414.980602,6466.131838,6138.804743,4341.024109,7623.434768,4372.559293,2.743181941
2017-12-10,6055.840318,6203.739786,5555.571332,7118.30355,6499.836399,3517.493226,4517.730923,3877.786475,6460.616689,5131.100272,3368.36977,5437.316291,3843.918244,2.750614746
2017-12-11,5960.587767,6414.401983,6264.862092,7411.776337,4028.462113,3054.777246,3207.321739,4605.679146,6460.642187,5165.21047,3353.913371,4222.359764,3717.431121,2.767610078
2017-12-12,5919.873019,6359.758809,6591.16156,7438.952823,5957.6609,4841.44317,5069.70123,6309.730166,6446.506546,6693.494155,4339.104778,6875.920216,4182.748291,2.765255303
2017-12-13,5967.873068,6510.962826,5973.572812,6522.517233,8081.245427,4472.835308,6199.004576,6482.349234,6386.8485,7150.392985,4375.440289,8017.589018,4324.631227,2.722609112
2017-12-14,5593.098937,6615.648676,6182.332909,6667.612209,9416.492633,3219.776124,6062.771148,6514.973393,6350.48576,7143.815493,4419.873153,7865.755192,4347.915044,2.707503493
2017-12-15,5116.692198,6611.34387,6220.760243,6742.214553,9684.703836,2998.204573,6048.957901,6638.894797,6362.295289,7150.783,4446.870566,7803.258987,4248.678061,2.671008112
2017-12-16,5058.168593,6646.555763,4235.282027,5014.951578,9775.564166,4546.065947,6205.516668,6941.373588,6364.795341,7114.920927,4405.814712,7762.764253,4238.906706,2.640780218
2017-12-17,4987.515166,6659.831355,4318.063713,5049.568573,9369.31472,5759.599362,6082.592042,7016.424088,6365.105928,6795.550524,4132.670518,7513.842752,4257.485035,2.73181122
2017-12-18,4971.719573,6673.405356,6616.620367,7006.74264,8889.371103,5454.001727,5794.652628,6767.081207,6372.968174,6501.121847,3894.468172,7236.62269,4191.983279,2.707338241
2017-12-19,5058.610068,6494.146931,7029.520241,7187.299232,8942.234949,5487.310442,5816.495264,6446.925501,6384.655756,6533.016921,3919.203348,7306.312244,4104.784653,2.663578384
2017-12-20,5115.527543,6242.025295,6645.211264,6273.39421,9129.836812,5623.004319,5941.075893,5969.458719,6393.942914,6658.128262,4020.636312,7484.169416,4104.356953,2.739334875
2017-12-21,5583.844752,6479.835968,6227.530219,6141.763116,9016.540578,5547.305534,5877.802726,6017.572391,6406.067134,6593.28814,3963.531569,7396.456116,4090.422429,2.739338187
2017-12-22,6402.634424,6800.626456,6103.336755,7026.223421,8667.873137,5325.409489,5683.077494,6391.719807,6412.426457,6402.146094,3798.286824,7136.416532,4130.793971,2.702363726
2017-12-23,6826.586609,6965.154375,6052.870077,7247.091065,8550.484145,5276.327428,5626.264575,6121.833606,6275.366116,6403.00486,3761.493351,7073.932294,4221.878599,2.732635739
2017-12-24,6826.094056,7164.137509,6412.459258,7081.398555,7803.155699,4761.128108,5130.835093,5455.150071,6124.43672,6469.05745,3355.037737,6461.428324,4159.438963,2.688134648
2017-12-25,6925.575246,7227.457595,6796.621338,6605.940476,7518.067309,4540.170724,4910.366934,5123.919644,6118.569822,6742.32596,3173.542703,6231.853464,4057.427325,2.751631418
2017-12-26,7164.560887,7391.787236,7069.321305,7059.692368,6935.07793,4084.2938,4515.294774,4696.900607,6124.302265,6551.272178,2848.995873,5730.080042,4072.168763,2.737995278
2017-12-27,7241.986437,7686.569275,7126.083904,7931.93783,5756.565078,3228.820629,3768.325722,4159.225423,6124.179016,6104.13297,2223.564262,4756.298646,4118.027667,2.698900046
2017-12-28,7030.913199,8023.92463,7010.512328,8189.946703,5632.730478,3135.396765,3682.674041,3917.602798,6247.797085,6125.411405,2158.93334,4692.41598,4123.278672,2.721411855
2017-12-29,6634.531932,7208.999326,4904.252602,5923.000339,6011.258853,3412.744671,3930.023641,3998.693844,6406.372781,6458.965296,2357.287623,5032.656983,4181.780146,2.684280658
2017-12-30,6527.980123,6003.10064,3613.557306,4460.236357,6262.321778,3597.524367,4100.355045,4437.428895,6437.960862,6679.823443,2486.307451,5276.339409,4203.117046,2.693422536
2017-12-31,6607.763366,5707.34337,4813.063242,5871.988949,6959.042507,4107.698191,4546.673842,5549.249752,6436.899635,6799.413501,2854.535955,5882.049707,4125.096865,2.745243224
2018-01-01,6531.067103,6063.472365,5842.208179,6400.569179,7953.11943,4825.682748,5195.044488,6504.370803,6428.730272,7017.504695,3381.747933,6726.729106,4084.18149,2.764621189
2018-01-02,6205.974878,6859.30221,6667.742538,7187.613556,7909.396463,4801.832379,5175.089177,6521.583147,6405.181982,6903.730758,3359.061766,6701.701881,4212.473387,2.798721488
2018-01-03,5849.811435,7182.172509,6645.76948,7643.837673,7856.2155,4790.866626,5146.938538,6500.787375,6287.358536,6872.548355,3331.673245,6656.086988,4516.88219,2.767905963
2018-01-04,5741.351966,7146.201821,6395.335875,7136.013484,8111.428557,4987.403458,5311.654197,6547.89448,6130.113818,6833.198664,3465.885118,6862.897344,4686.994946,2.756847775
2018-01-05,5790.882186,7068.166241,5904.833475,6451.689636,8363.082547,5139.678226,5467.559718,6593.755267,6075.695395,6944.848347,3596.359838,7066.51481,4691.763658,2.751427777
2018-01-06,5825.45535,7017.965024,5510.154333,6059.779402,8469.043074,5267.790787,5565.683079,6599.160278,6095.65995,7051.855845,3696.553418,7149.327262,4694.434342,2.720571616
2018-01-07,5936.745993,7058.685983,5848.735219,6387.108309,8675.519438,5670.504954,5685.876685,6582.987654,6120.907855,6907.098932,3920.207138,7199.81805,4726.447011,2.722544254
2018-01-08,6065.549479,7167.435859,6199.365408,6719.409589,8954.389209,5905.24779,5756.552516,6541.424869,6125.109732,6821.090076,4119.087464,7181.470481,4793.01278,2.736778017
2018-01-09,5773.176701,6514.21031,6277.819373,6708.46585,8624.955977,5234.763174,5394.621725,6171.957353,6084.114956,6580.786152,3735.547017,6661.917464,4825.842853,2.720575662
2018-01-10,5229.045514,5731.274759,6660.667889,6668.380636,7233.355814,4359.155724,4279.730405,5438.178706,6034.2841,6522.314892,2668.790779,5160.216807,4820.889519,2.713907893
2018-01-11,5292.452873,5098.050916,5107.113679,5338.200266,6481.650379,4409.664094,3597.027105,5329.921273,6113.458733,6855.728476,2083.608273,4211.111981,4811.313011,2.713305018
2018-01-12,6014.036839,4841.604254,2321.713066,3538.893938,6191.511206,4336.496126,3364.488842,5199.63994,6202.419184,6814.398718,1873.917576,3840.09924,4806.123446,2.704249823
2018-01-13,5950.695635,5147.988325,1325.839306,2961.383836,5610.430552,3889.507707,2982.001892,4705.992885,6163.334136,6584.822564,1559.434738,3318.800137,4698.272856,2.722097658
2018-01-14,5187.516004,5164.025002,2420.360983,3833.397614,5853.739177,4074.652416,3084.249594,4908.175028,6132.640772,6782.804813,1684.624131,3525.203435,4620.064013,2.636782752
2018-01-15,5337.627832,5774.336186,5176.782712,5291.660259,6479.62817,4542.700611,3456.637679,5424.965007,6160.921189,7147.372574,2012.045609,4058.334874,4722.934536,2.710951724
2018-01-16,4935.108789,7313.030552,6914.953059,5865.110569,6853.046116,4742.869151,3732.111241,5732.446654,6180.327947,7294.763463,2208.783549,4384.012202,4794.779557,2.818876734
2018-01-17,3924.089433,8169.821254,7143.625829,6122.536316,6848.172755,4772.844646,3772.782763,5728.704888,6206.391749,7288.825295,2206.383642,4379.750008,4795.658024,2.733072463
2018-01-18,3819.626248,7872.900357,7296.17788,6454.633406,6536.103337,4454.750599,3667.638399,5518.910285,6252.534438,7067.249742,2113.973334,4289.801397,4780.541341,2.662438749
2018-01-19,3796.575514,6777.270185,6668.721176,5946.434957,7058.653687,4431.044477,4214.196876,5852.580927,6272.412773,6855.903363,2463.210763,5127.245124,4764.113763,2.667181739
2018-01-20,4275.956901,6487.828388,5727.828936,5867.759911,7875.854193,4832.320062,4857.751116,6399.9564,6274.212615,6896.056049,2895.075262,6038.460505,4763.11672,2.665226324
2018-01-21,4854.989953,6997.013122,5867.70693,7132.669745,7737.928499,4777.072378,4766.709968,6441.166671,6276.257245,6899.614341,2831.659744,5918.813815,4754.239705,2.705955685
2018-01-22,4862.844676,6903.06412,6410.144201,7994.867072,7577.095413,4694.674133,4655.42183,6339.253178,6276.303008,6899.395107,2755.069359,5770.805842,4825.405413,2.727898882
2018-01-23,4807.864592,6839.457731,6379.258354,8112.485833,8337.915565,5242.269962,5110.017472,6099.912743,6253.682011,6903.373455,3124.315394,6073.36869,4916.449687,2.659387967
2018-01-24,4693.112449,6710.637411,6157.199814,8104.919912,8248.102463,5503.961451,5550.472285,6002.930902,6181.854504,6908.500194,3787.583942,6618.471729,4943.062357,2.704267929
2018-01-25,4433.784132,6482.142241,6118.845605,7998.777138,6650.319103,4933.560836,5475.001177,6045.962358,6281.762476,6915.193042,4062.087952,7031.296102,5023.886226,2.686901639
2018-01-26,4014.286641,6453.163201,5978.271503,7822.234465,6458.432824,5117.115586,5701.96135,6325.866485,6455.590133,6909.375435,4079.842667,7457.89704,5136.769024,2.715730153
2018-01-27,3243.512141,5346.162738,5483.68715,7384.561134,7869.120008,6097.689184,6080.921263,6884.394259,6477.420766,6916.105331,4222.129778,7922.08964,5196.198695,2.75327536
2018-01-28,3643.919925,4707.843858,3795.565053,5166.364952,9654.771164,6634.725799,6185.051506,6964.263916,6477.572088,6926.957372,4334.718762,8135.54165,5202.919714,2.781568951
2018-01-29,4665.25598,5433.524489,2358.870636,3371.924052,10286.86287,6661.84873,6193.547541,6768.606578,6477.781872,6914.4656,4351.946065,8156.938526,5198.397572,2.671881344
2018-01-30,4485.607186,5206.392766,2669.737106,3859.140855,9905.413839,6635.51323,6177.405067,6778.651779,6433.010335,6913.494134,4337.720073,8161.256076,5254.5172,2.730320391
2018-01-31,3718.039701,4261.397193,3985.918012,5468.62448,9425.752194,6493.319049,6158.845241,6755.246917,6514.935453,6861.417613,4241.82422,8134.714881,5331.391516,2.711546136
2018-02-01,3162.250247,3614.201601,5079.489406,6758.428791,9050.208724,6418.834603,6357.612247,6467.21427,6681.090345,6659.481875,4187.901441,8013.182205,5351.364717,2.754749688
2018-02-02,3201.199474,3659.048302,5216.268847,6709.240892,9085.715618,6407.818067,6528.991569,6191.520183,6636.704106,6738.443616,4189.043895,7804.44338,5397.232553,2.777450665
2018-02-03,3303.311587,3771.964396,5242.407772,6555.016816,9039.951599,6318.43443,6470.524586,6413.433672,6548.517378,6936.750314,4146.064209,7660.138068,5451.234723,2.730299876
2018-02-04,3890.162704,4529.262654,4700.516341,5761.946819,8996.920034,6412.429592,6478.190437,6890.496192,6510.634934,6909.972383,4125.683475,7742.431295,5459.344018,2.752308429
2018-02-05,4582.747179,5425.861067,4134.2547,4954.902816,9011.9304,6616.389369,6523.763864,7178.485925,6244.612272,6908.009798,4136.898946,7913.236171,5458.349198,2.74709787
2018-02-06,4681.547329,5491.831906,4102.082756,4908.666061,9020.803691,6674.183005,6529.511897,7237.556309,6172.110265,6901.483516,4143.392457,7940.623989,5467.19673,2.72338825
2018-02-07,4604.846429,5307.187689,4064.567212,4827.702818,9022.218046,6674.577693,6522.787931,7186.57555,6418.34972,6905.913288,4142.879467,7907.755805,5491.119073,2.657978012
2018-02-08,4404.354395,4869.148335,3314.018465,4154.262976,8880.102086,6423.688528,6349.471601,6921.890223,6440.857985,6895.467245,3972.990483,7639.727512,5487.155893,2.675722968
2018-02-09,4240.688355,4248.64302,2013.748552,3224.529206,9711.934375,6634.881909,6411.769847,6658.44641,6499.388187,6891.931334,3731.620347,8112.707327,5482.924251,2.660594985
2018-02-10,4500.701177,4515.582686,2263.453323,3750.254991,10769.05378,6927.044217,6404.147055,6548.913225,6618.937754,6909.763176,3551.881483,8714.880287,5514.137062,2.741054
2018-02-11,4724.23436,5059.056803,3586.420234,4440.21346,11056.67553,6874.402525,6110.716274,6510.166086,6620.461646,6903.734927,3541.601907,8603.173682,5531.354575,2.690154162
2018-02-12,4738.352844,5168.184625,3793.322644,3738.376571,11471.31427,7080.278424,6086.876231,6353.414464,6621.284354,6875.646999,3697.718656,8569.977154,5534.776026,2.696224057
2018-02-13,4852.299536,5414.677992,4021.516515,3830.65636,10759.63773,6407.786337,5592.761382,5894.218439,6648.293849,6675.792676,3370.1444,7699.787114,5369.460806,2.717793925
2018-02-14,5620.117439,6837.574689,4763.211435,4555.42302,8091.897678,4704.88235,4743.294279,4740.16068,6684.376139,6582.541901,2398.763961,5675.452671,5358.206908,2.860303502
2018-02-15,5826.945539,7605.338456,5535.455057,4834.390166,7805.99232,4740.140121,4998.218873,4681.88738,6692.275772,6742.111414,2355.021449,5357.598285,5533.25599,2.663598613
2018-02-16,4462.240273,6012.415701,7021.38417,3166.927436,10004.29366,6173.883106,5439.092978,5829.838062,6691.989424,6822.955715,3147.073276,6615.122438,5542.720856,2.648173918
2018-02-17,3664.725881,5019.852299,7956.432568,646.7837289,10789.2477,6553.373078,5200.883229,6216.71541,6692.587799,6827.558163,3417.134678,7040.237184,5463.468608,2.738083338
2018-02-18,4660.769902,6276.128531,6289.68526,5.092873265,10977.2642,6324.772459,5161.317269,6247.395874,6692.779253,6792.261092,3477.103492,7211.830912,5439.145045,2.710133185
2018-02-19,4637.478729,6218.50157,6122.359528,4.908550892,11311.07166,6293.526379,5195.771446,6206.451852,6692.981207,6800.055343,3586.879361,7502.294604,5518.065489,2.727132276
2018-02-20,3429.366582,4660.643254,7962.540739,4.69017359,11870.55351,6663.503415,5184.938505,5886.731268,6692.821668,6815.104221,3680.697428,7660.188846,5542.216658,2.766680121
2018-02-21,4364.520206,5829.827462,5951.538414,5.167950839,12238.45884,6952.091237,5193.397092,5577.064586,6611.298438,6591.500672,3673.669678,7654.354796,5570.275213,2.704261996
2018-02-22,6187.3584,7946.913479,3151.455686,101.2664679,12046.17239,6999.295276,5199.356088,5762.551376,6431.938682,6347.136008,3673.383275,7696.270357,5605.575776,2.735994859
2018-02-23,6600.234521,8218.746812,3346.619379,1451.706061,11126.5363,6680.468326,5244.775983,5902.517796,6233.616742,6313.514133,3686.059785,7348.411236,5599.536461,2.724039698
2018-02-24,5148.255888,6076.636315,4245.345368,2971.621591,10302.9118,6388.109467,5313.194548,5940.919555,6087.409587,6323.716598,3680.653376,7024.155375,5618.028512,2.760113212
2018-02-25,4910.067579,5293.206436,4900.694624,3601.96819,9856.852098,6162.033091,5228.790261,5988.76273,6093.501475,6333.675827,3559.552261,6991.396655,5653.289622,2.692585134
2018-02-26,5640.643196,5981.928541,5931.506228,4118.497745,9498.686981,5904.665546,5098.619931,5965.188405,6143.567443,6334.550427,3415.517167,6805.295537,5652.98519,2.685544152
2018-02-27,5375.421775,5657.640443,6558.831539,4225.91761,9508.707168,5937.719877,5089.07767,6007.787361,6130.581312,6342.054272,3419.276667,6603.306266,5658.779109,2.65155143
2018-02-28,5878.978707,6268.620685,5144.685289,3476.493575,9770.303939,6140.166562,5139.703798,6095.81653,6074.263452,6355.247229,3536.276164,6694.107814,5668.037943,2.694543792
2018-03-01,6049.172363,6494.209499,4665.719349,4014.53802,9436.796877,5983.304767,4843.28189,5910.865926,6011.815111,6365.346514,3409.624445,6503.881925,5538.61401,2.731275594
2018-03-02,5931.038604,6462.262275,5650.465485,5263.742243,9213.006298,5934.857866,4797.760025,5748.037729,5991.622497,6179.358388,3288.855606,6265.607153,5406.436238,2.733629163
2018-03-03,6512.470425,7601.045132,5208.666932,4841.698558,9169.183021,5878.292662,4951.346214,5939.361178,5998.234349,6141.809828,3261.543264,6113.223813,5422.785939,2.758467969
2018-03-04,6829.41269,8186.648615,2936.039179,5674.512042,8642.237685,5374.568413,4906.255187,6009.96291,6014.831159,6315.593519,3037.127805,5993.439284,5431.653965,2.674070299
2018-03-05,6933.224384,8048.113178,535.8383151,7204.090346,8590.598968,5168.321149,5097.775149,5890.905765,6051.43498,6326.346984,3002.284695,5777.189058,5432.318609,2.703991188
2018-03-06,6890.441106,7923.727535,0.24311816,6961.127197,8800.131763,5175.868248,5259.15195,5865.499024,6093.902916,6354.798343,3093.49654,5572.260187,5456.070973,2.686036364
2018-03-07,6581.507121,7605.042743,0.221781549,6998.273863,8759.969458,5071.823856,5198.783726,5770.145226,6104.970073,6553.254313,3036.71317,5649.088428,5647.47825,2.677580925
2018-03-08,6967.200032,7970.85984,0.364792572,6816.604242,8943.865135,5317.876062,5237.387369,5845.317367,6074.714346,6681.026921,3085.415626,5696.592931,5878.288681,2.70584094
2018-03-09,6973.127614,7884.584705,0.404873334,5992.699929,9893.954859,6252.371763,5679.672137,6616.496667,6038.555907,6619.669685,3861.376657,6424.605513,5953.275399,2.747108841
2018-03-10,6419.353658,7227.067328,0.393920425,5030.90739,10238.7503,6627.585492,5961.80824,7077.222384,5907.716646,6425.86263,4571.366601,6937.805461,5832.661954,2.748640658
2018-03-11,6037.086652,6818.669273,0.246848449,3679.262357,10078.64935,6633.401802,6118.459403,7177.228064,5904.886434,6393.021534,4758.906528,7080.156522,5746.380279,2.730079676
2018-03-12,5700.933506,6481.466012,0.111929848,3287.576551,10275.91251,6875.797026,6301.105859,7481.3586,6084.766055,6524.500527,4898.34522,7346.109849,5814.2477,2.761750952
2018-03-13,5850.665539,6639.112751,0.085524279,3295.410133,10470.3187,6986.27455,6349.53657,7650.374297,6204.969346,6523.466248,4922.474419,7313.897463,5847.209716,2.766421155
2018-03-14,5701.716644,6484.536495,464.8882595,3282.373381,10583.58234,7046.043454,6372.866874,7719.498681,6279.221576,6533.43045,4933.050897,7211.761232,5864.57463,2.723122348
2018-03-15,5091.039701,5884.066923,1827.478101,3271.009863,10508.71518,7058.004826,6377.563372,7712.419044,6289.796436,6484.788163,4932.976165,7178.137039,5912.523439,2.745362288
2018-03-16,4335.329535,4972.553819,3989.855132,4478.737546,10012.48322,6768.827963,6156.485879,7389.994592,6294.451949,6489.33902,4773.451169,7117.308817,5962.622702,2.768068213
2018-03-17,4200.585468,4643.032149,5507.248665,5857.20906,9632.536806,5868.219783,5503.564626,6608.068561,6295.051697,6548.677248,4473.900547,6572.75351,5966.533986,2.672742582
2018-03-18,4123.697601,4692.920435,5651.530412,5919.452607,9727.849552,6001.690622,5601.066323,6712.090159,6295.389324,6524.229079,4436.429436,6525.843689,5799.648846,2.709229303
2018-03-19,4227.388729,4864.242033,4540.414874,4732.528313,9837.414029,7058.421914,6077.238954,7482.82813,6296.645543,6463.704464,4559.07144,7014.485741,5647.859544,2.744546026
2018-03-20,4893.687367,5275.843361,3252.1023,3398.749624,10228.0563,7250.38384,6145.702114,7658.481766,6297.254406,6434.381864,4683.712504,6905.978277,5651.631806,2.688541726
2018-03-21,4454.789912,4535.156685,4146.743023,4541.341063,10305.09498,6720.859504,6116.550862,7629.431717,6296.526566,6439.318978,4850.203042,6482.06426,5570.48412,2.758387435
2018-03-22,3959.548704,4440.443896,5740.4031,6140.534852,10195.9135,6314.218084,6061.729844,7627.898495,3584.632133,6491.099559,4943.205995,6452.241146,5525.43067,2.740489081
2018-03-23,3697.45389,4835.646935,6205.636166,6341.755397,10252.16656,6817.338604,6255.786144,7574.333404,414.0424349,6564.300377,4972.499067,6720.41323,5616.419162,2.727128497
2018-03-24,3445.388299,4706.560507,6266.463883,6335.21063,10009.19082,7522.22585,6334.833367,7285.35287,0.016013005,6590.542598,4915.554304,6854.914424,5713.155511,2.762929339
2018-03-25,2773.248306,5709.697186,6710.753594,6553.004337,9719.19413,7691.718012,6278.992499,6833.231267,0.004615698,6597.367716,4817.114915,6983.528468,5735.003285,2.808587536
2018-03-26,465.2765877,8119.723471,7414.072656,6689.20024,9705.522342,7257.452292,6124.560563,6668.709156,648.5907544,6616.256755,4870.056305,6805.676753,5526.015329,2.86972277
2018-03-27,46.54824541,7258.533911,6531.391226,5824.853048,9905.518605,7329.141255,5946.397806,7078.374597,3148.405425,6616.034808,5130.452541,7361.634481,5020.604716,2.81742806
2018-03-28,112.8436482,6405.802218,7657.55049,7111.464284,9616.641032,6873.160125,5403.078705,7073.948479,5103.414784,6612.463438,5269.373984,7138.812209,5319.820573,2.838551178
2018-03-29,138.9089948,6432.060683,7764.153223,7126.276104,9013.751299,6552.770437,5224.685188,6917.26669,5312.672684,6282.838702,5395.362503,7396.874037,5510.975677,2.837329239
2018-03-30,142.3337056,4760.478267,7845.93171,7107.424992,8920.861323,6442.023384,5550.122627,7111.554876,5596.706567,5646.34711,5458.528864,8506.002689,5504.062977,2.841111009
2018-03-31,141.2340912,5510.35512,7182.945559,6358.446164,8990.07281,6414.952473,5664.706065,7017.627497,5716.558539,6476.773125,5470.187821,8813.914401,5499.334425,2.844220404
2018-04-01,828.3654156,7417.516015,5079.755801,4365.084446,9455.221069,6857.794108,6193.677221,7145.47258,5953.725203,6636.437641,5471.830477,9254.64253,5501.330554,2.859588682
2018-04-02,3168.91691,5531.305224,5021.70848,4559.597873,8559.107929,6742.166153,6022.360986,7319.619861,6084.664157,6623.067501,5416.422324,9034.035928,5499.154944,2.857982827
2018-04-03,4410.092767,5039.358219,4731.71549,4391.493119,5128.206351,6789.488264,5985.713938,7369.03438,6104.831186,6681.680023,5299.377397,9063.014633,5495.793845,2.87467918
2018-04-04,4786.634151,6896.002233,3726.487681,3435.177345,3752.513652,6701.519895,5820.677992,7172.687936,6105.363268,6710.188149,5235.584084,8896.077888,5505.629826,2.771870918
2018-04-05,5191.684571,8079.616995,3162.177743,2622.949298,8616.266201,6113.449823,4752.483596,6624.206081,6098.734308,6736.07779,4726.655748,7833.072995,5520.519058,2.767054876
2018-04-06,5289.600802,8184.805776,3207.56705,2202.077128,9086.48352,6104.190844,4542.844962,6676.386596,6068.608939,6729.920441,4638.722724,7617.490536,5560.671475,2.773723718
2018-04-07,5229.947416,8152.154441,3185.118802,2149.597653,8984.960421,6086.39979,4555.699189,6622.95201,5950.110022,6719.946668,4634.997583,7714.174571,5751.024904,2.780477142
2018-04-08,5430.727734,6574.543978,4528.2427,3535.500847,8976.229631,5881.08221,4243.438582,6153.060627,5687.64212,6722.537091,4635.052988,7649.053602,5929.501727,2.823843079
2018-04-09,6862.796399,1782.457077,7024.396938,6391.91658,9033.929595,5576.416795,3777.32852,5334.379361,5628.889499,6721.753388,4685.458765,7503.1892,5736.479335,2.820196093
2018-04-10,7370.892763,103.1536276,7667.118774,7254.280445,9327.202772,5303.003157,3471.279812,4661.258513,5626.19676,6728.205291,4800.249101,7541.319349,5725.549333,2.80983661
2018-04-11,7443.630138,14.20477587,7605.804759,7289.359836,9179.103891,4622.479666,3151.324197,3900.730527,5626.496414,6743.72723,4626.266667,6616.146649,5724.478088,2.795792895
2018-04-12,7024.29421,12.24348892,7342.111393,7077.718661,8411.21688,3498.595007,2860.947418,2795.339037,5626.639135,6715.752535,4248.427303,5079.923969,5720.668277,2.899449747
2018-04-13,4615.915652,158.1070151,5543.356241,5239.730796,8200.176907,3959.966247,3457.30922,3022.860328,5627.182376,6726.582124,3942.725175,5343.519671,5710.134603,2.869608305
2018-04-14,1936.68574,1046.054806,3376.331139,3023.846828,8627.77604,4152.721947,3650.809649,3270.538914,5627.138926,6726.586097,4024.556695,5517.994742,5705.19706,2.805018751
2018-04-15,1674.201439,2439.760973,3350.384988,2981.583696,9432.88674,5606.993617,4108.303589,4236.64193,5625.824853,6724.794482,4572.861162,7226.294923,5686.20302,2.857297592
2018-04-16,1765.186524,2593.184374,3911.955323,3470.216344,9509.994615,5589.770018,4311.178882,4099.021303,5626.170025,6720.609342,4619.086307,7307.889184,5675.15956,2.811384168
2018-04-17,1357.117037,2396.153287,4606.717141,4074.627731,9435.444977,5399.815333,4510.48403,3851.845287,5626.812853,6723.110535,4560.504043,7280.075791,5693.409486,2.855437395
2018-04-18,1291.255802,2425.342136,4674.226371,4245.17,9488.822755,5377.837454,4689.250687,4038.488705,5627.843516,6718.425613,4586.27869,7452.522952,5632.920699,2.892816013
2018-04-19,1319.077344,2627.87553,5782.437074,5586.174094,9477.664664,5249.392992,4470.851048,4473.108269,5642.031426,6708.664764,4639.698757,7451.305307,5554.222862,2.864347062
2018-04-20,2024.407952,3483.653499,6188.63266,5965.852151,9335.188091,5343.076947,3820.359601,4999.85727,5721.764667,6719.277805,4782.287703,7355.897482,5532.999818,2.859222111
2018-04-21,3923.062175,4939.804036,4148.619945,3755.618318,9337.281332,5848.429378,3953.84414,5631.960259,5836.053267,6722.034506,4801.07937,7562.325038,5515.936849,2.800467444
2018-04-22,4329.425697,4615.308611,5325.474402,4623.687614,9502.71712,5980.973913,2934.405485,5897.095441,5843.305529,6727.662428,4367.319637,7385.63611,5546.908912,2.788999436
2018-04-23,3308.319038,3378.114748,6041.860046,4942.199626,10734.99999,6919.745196,817.1829224,6530.306064,5865.696561,6695.115089,4241.182399,8175.684488,5614.287623,2.793365253
2018-04-24,3532.984202,3791.47064,5627.997353,5015.250806,11534.61467,7910.071687,42.58368245,6869.704735,5961.04943,6582.83817,5160.621945,8949.192653,5557.099606,2.855490521
2018-04-25,4088.781539,4355.614465,5046.383022,5473.691986,11457.09455,8335.249314,2.1177697,6830.020664,6031.617971,6583.398705,5531.171347,9355.301109,5513.732806,2.744506356
2018-04-26,3852.09227,4464.524997,4470.164098,5061.547884,11311.74942,8263.584844,1.117890608,6738.936667,5952.962307,6752.053757,5556.504372,9412.653859,5492.898539,2.744734786
2018-04-27,2935.246912,3823.592111,5450.612929,6762.384157,10492.9965,7994.837372,1.125648052,6454.199461,5856.295111,6771.359276,5556.926293,9014.043936,5485.953764,2.817787108
2018-04-28,2850.487888,3749.16018,5540.365534,7044.665172,10197.88068,7769.020089,2.113921904,6292.49568,5695.924721,6770.17329,5552.36467,8785.175141,5460.128811,2.874901171
2018-04-29,2973.948224,3886.110672,4686.886815,6242.51824,10249.69024,7410.831345,3.250276329,6122.876951,5558.19027,6772.585646,5548.128371,8776.913647,5495.857142,2.812979643
2018-04-30,3121.921593,4114.986756,5074.941297,6611.000195,10863.68882,7311.299257,66.37615582,6353.526726,5547.381474,6772.62347,5553.818985,9399.391959,5583.879166,2.771181718
2018-05-01,3457.107412,4711.320591,4405.586885,5623.728906,11059.1978,7303.026121,630.449725,6542.316402,5546.826617,6771.419979,5567.08132,9479.104182,5817.65569,2.795002897
2018-05-02,3538.679105,4886.876047,3609.796221,3927.259901,10749.40917,7359.164821,2238.577179,6507.568385,5559.003583,6679.377425,5563.384593,9222.779724,5892.113822,2.843995247
2018-05-03,3478.179046,4640.213757,3218.288966,2936.170949,10368.7835,7470.451248,3830.254242,6229.39962,5609.473534,6458.466904,5367.062699,8664.70451,5903.720525,2.887504187
2018-05-04,3333.774498,4249.806871,2983.514947,2214.39076,10202.10625,7433.409293,4181.690254,6075.944839,5535.043825,6580.117094,5304.999785,8529.063008,5934.348752,2.802758796
2018-05-05,3551.735207,4693.491172,2974.565036,2175.781298,9946.080797,7373.239032,4085.815393,5984.447718,5227.133478,6613.900942,5263.586135,8415.27673,5863.967249,2.785095897
2018-05-06,3582.351005,4810.006162,2983.201597,2192.028236,9764.566645,7228.926203,3742.733466,5770.257063,5405.619494,6709.49733,5146.680343,8124.47996,5867.436254,2.824446746
2018-05-07,3637.014525,4878.754724,3507.682103,2930.748503,9298.940539,7074.034867,3380.110182,5638.923925,5572.642078,6706.017625,5026.206099,7808.886085,5881.138779,2.839770282
2018-05-08,3708.063286,4802.3878,5085.392034,5467.467576,8139.05155,6999.617743,3158.984042,5626.009384,5593.534261,6524.909,4751.233788,7613.756336,5902.774307,2.858519068
2018-05-09,3699.381318,4302.61172,5403.914443,6530.533321,7690.214922,7244.351318,3641.879543,5788.846378,5629.355617,6463.478632,4374.80233,8028.2421,5892.489483,2.838294964
2018-05-10,3359.89189,4067.494775,4866.802243,5167.735095,8058.656334,7397.54525,4114.076935,6083.580751,5638.179855,6460.541678,4696.06238,8382.063289,5689.114179,2.816143844
2018-05-11,3815.548091,4569.011148,5515.654769,6505.970397,8437.56496,6866.262063,3661.174061,5721.555262,5631.735333,6463.692624,4805.374712,7926.204613,5807.325332,2.812628044
2018-05-12,4848.8389,4856.506405,5138.726384,6266.282819,8517.669436,6780.087748,3731.561638,5528.581274,5623.51819,6474.158373,4687.722386,8044.266473,5900.196577,2.821540875
2018-05-13,4416.800918,5039.211344,4835.335817,5338.492057,8818.771732,7015.522259,4033.584475,5405.169377,5610.981417,6485.262542,4610.927345,8320.686553,5979.858124,2.828644752
2018-05-14,3072.600025,4543.304055,5396.398924,6442.656562,8972.433966,6505.862749,3383.35094,5501.084975,5624.051939,6484.761716,4540.842765,7469.272766,5985.075234,2.825926053
2018-05-15,2557.80114,4043.984685,4882.643849,5164.474213,9133.610506,6510.345905,3291.801654,5764.243302,5640.883069,6484.921072,4492.032106,6929.351431,6014.143004,2.802792544
2018-05-16,1470.319748,2847.483457,5621.062504,7280.130774,8881.898413,6878.572606,3464.955283,5621.454227,5713.311419,6485.266834,4902.7256,8075.41408,6034.175455,2.760675345
2018-05-17,1112.21528,2160.463346,5548.09629,7211.859481,8830.223094,7004.579801,3648.071849,5688.630513,5890.867867,6485.161779,5004.257068,8182.617612,6041.041576,2.800749564
2018-05-18,1118.426047,2053.296074,5745.697628,7230.405462,8952.89578,6937.081471,3698.587012,5697.55628,5981.386394,6485.257668,5038.269815,8091.204174,6039.541956,2.780742332
2018-05-19,1107.73626,2021.767435,5318.531878,6569.896342,9431.748726,6669.053239,3638.581159,5718.236523,5985.9919,6482.390383,5074.277649,8313.720511,6058.050075,2.806289092
2018-05-20,1168.440727,2131.7383,5340.013547,6765.030967,9726.97866,6596.747361,3443.003274,5580.205593,5986.657611,6470.825896,5024.652401,8224.034823,6040.332699,2.777406848
2018-05-21,1282.409674,2359.911055,5570.817328,6780.326736,9728.280357,6769.902332,3496.505019,5480.281887,5971.802226,6461.661045,4982.7334,7979.31583,6021.448533,2.831237419
2018-05-22,1107.371821,2093.446962,4838.207246,4135.116976,9998.116649,7122.286593,3920.587389,5873.324247,5907.40802,6461.121831,5117.71697,8149.802009,6061.788516,2.802495489
2018-05-23,1071.978153,2044.374869,4121.764013,2301.136301,10140.4921,7328.516886,4183.466907,6095.324438,5839.189119,6461.149761,5211.88773,8355.175838,6062.850953,2.833750487
2018-05-24,1122.991078,2122.874244,3880.521498,2575.793228,10251.56395,7258.307979,4162.123355,5923.213768,5805.460378,6461.107594,5204.986416,8347.622625,6047.987095,2.810062622
2018-05-25,1311.400398,2416.326127,4307.872767,3266.391891,9996.009977,7211.381457,4169.351591,5996.078062,5777.296522,6460.996271,5214.298581,8319.833341,6054.40659,2.831105136
2018-05-26,1913.331071,3473.909228,3553.972842,2371.338803,9285.686504,6839.729306,3905.930678,5739.177934,5824.64805,6461.084693,5149.908273,7823.244257,6071.963569,2.784535085
2018-05-27,2774.800967,5040.863721,3394.47317,2201.696508,8671.036655,6738.261218,3855.313517,5549.385677,5843.479742,6461.143089,5178.327302,7433.353846,6079.439624,2.762620005
2018-05-28,3384.492935,5965.713086,3369.196179,2196.637171,8653.421482,6500.187347,3320.639236,5511.145426,5752.22451,6461.134511,4989.155393,6973.122868,6074.707258,2.78741076
2018-05-29,4024.614665,6243.02959,3414.174772,2207.833104,9054.740445,6164.280026,2752.747833,5411.705062,5254.104626,6461.221496,4769.939325,6993.365345,6144.497321,2.835736278
2018-05-30,4677.034613,6165.400777,3678.592882,2652.468305,9089.085972,5970.329608,2700.939966,5433.082918,4403.459031,6460.921662,4690.806816,6841.75703,6177.611839,2.821497217
2018-05-31,4814.067377,5918.890276,4124.677149,3435.196178,8921.826051,5764.160145,2780.777464,5371.798111,3848.857654,6461.122662,4629.598315,6513.08918,6097.939218,2.797420553
2018-06-01,5084.507288,5953.44942,3899.796571,2985.485472,8756.1906,5971.626493,3271.632595,5455.490172,3756.201556,6461.018714,4788.729826,6972.532166,6117.732035,2.819483739
2018-06-02,3613.92788,4680.183609,4360.079291,4175.339873,9144.678065,6501.724844,4389.562915,5807.018163,4221.849918,6460.998978,5123.909144,7913.991808,6159.932999,2.83062393
2018-06-03,2597.053821,3387.108522,3657.302782,3993.063981,9391.524716,6817.428476,5160.428941,5951.878167,5520.256036,6461.004484,5368.500368,8882.193528,6121.617464,2.861169759
2018-06-04,2291.696225,3264.08401,4710.944372,5345.932721,9215.733638,6571.31767,4408.07243,5724.861926,6003.83191,6461.134691,5124.034778,8370.420724,6152.875019,2.815437318
2018-06-05,3311.814198,5205.966541,2885.224328,2933.979218,9366.186165,6822.414512,4793.943504,5975.27526,6039.655895,6461.372447,5286.535916,8551.754345,6190.201938,2.826956769
2018-06-06,3554.058296,5623.19759,2469.089715,2212.396919,9520.417895,6963.076054,5106.976873,6116.295529,6041.265625,6461.067801,5453.885155,9128.424606,6158.216274,2.819756522
2018-06-07,3473.055282,5473.602125,2564.779523,2308.706241,9106.633742,6525.562605,4581.215241,5964.210727,6042.153343,6461.002734,5388.800714,8639.364411,6146.51428,2.794416282
2018-06-08,3190.257841,4959.397067,2757.61034,2554.181798,7793.004722,5291.953308,3055.354654,5484.354815,6041.73125,6461.217195,5132.325117,6507.137766,6142.580977,2.776562841
2018-06-09,2696.440938,4059.260973,2481.386861,2205.214407,7749.499957,5098.842347,2818.0591,5417.727703,6040.974565,6461.114802,5183.19277,6275.930059,6168.741908,2.720686368
2018-06-10,2452.733666,3615.43881,3211.496248,3203.387823,7675.718771,5019.638744,2669.533058,5395.874732,6040.553165,6460.992986,5105.084112,6051.167615,6115.965573,2.763514602
2018-06-11,2112.862291,2996.398851,5494.843816,6340.986782,7826.1774,4845.332055,2347.674329,5373.494366,6040.930783,6461.392889,4943.780925,5155.347973,5992.746135,2.751765849
2018-06-12,2599.440431,3944.822871,4975.344773,5866.81176,8628.781834,5549.375866,2036.515392,5478.749178,6041.353045,6461.298993,4868.362068,5651.390421,6134.363453,2.806652542
